{
  "suggessions": [
    {
      "name": "Ashok",
      "mobileno": "9994690312",
      "message": "In this hospital,the doctors and other members care us with kindfull heart.So it is a good place to get treatment.",
      "id": "9e6b"
    },
    {
      "id": "1780",
      "name": "Rajesh",
      "mobileno": "7810013743",
      "message": "bdhgwuecfgkevc mngxjwebdbwec saxbnasxbjsx shcvwdxnma cxyws c  wegudguwgcdhjwgdjwec wgbuwegcjdwejcjhwerugeudfwendv w we gfdwegdjbwe gdjwedhjbdfyjwefb khewdgwejfbjewhgfj  wewjhejwegfgewjf jewkhfjerfj hgwejfgjewrhfuerhiuferuilf er."
    },
    {
      "id": "1080",
      "name": "Ram",
      "mobileno": "9543208195",
      "message": "bjhgweujd nqwghdgqeud jjgwwduygqwux uygwyxugqe xjhgyud qwxvuqwgxd"
    },
    {
      "id": "1180",
      "name": "Eric",
      "mobileno": "9543208195",
      "message": "bjhgweujd nqwghdgqeud jjgwwduygqwux uygwyxugqe xjhgyud qwxvuqwgxd"
    },
    {
      "id": "4d28",
      "name": "Manoj",
      "mobileno": "45672371239",
      "message": "wjdhuyds nbsdhwvdb  bsdg  qnbdhe ashxwuedb we djbhwcbwec mcbweb we cwmncbwc hgcbwe cbh"
    },
    {
      "id": "13da",
      "name": "Bala Subramanian",
      "mobileno": "98765453732",
      "message": "hdhuwd negdyed nvhed edv bhewdyevd hggefdwed nbeyd34d hhed jkml."
    },
    {
      "id": "7299",
      "name": "Krithick sakthi",
      "mobileno": "8746237576",
      "message": "jydwe njguerf nhgefd wfhgr ewbndvyd wedgwf3 bh3hff3 fhj3f 34h3vgf3rf 3hgf3f34vf3frbrhfhv nfdvbhj."
    },
    {
      "id": "354f",
      "name": "John",
      "mobileno": "9543364665",
      "message": "It is awesome."
    },
    {
      "id": "ba74",
      "name": "Jeyaseelan",
      "mobileno": "87965443",
      "message": "This is the pragraph"
    }
  ],
  "users": [
    {
      "id": "1001",
      "username": "Adam",
      "mobileno": "9543208195",
      "email": "adam12@gmail.com",
      "password": "adam123@"
    },
    {
      "id": "3c0b",
      "username": "John",
      "mobileno": "9543364665",
      "email": "john@gmail.com",
      "password": "john23@"
    },
    {
      "id": "c009",
      "username": "Ram",
      "mobileno": "9876534271",
      "email": "ram12@gmail.com",
      "password": "ram123@"
    },
    {
      "id": "aa98",
      "username": "Doctor",
      "mobileno": "987657438",
      "email": "doctor@procare.org",
      "password": "procare123@"
    },
    {
      "id": "a684",
      "username": "Rajesh",
      "mobileno": "76854563",
      "email": "raj@gmail.com",
      "password": "raj123@"
    }
  ],
  "reports": [
    {
      "id": "3145",
      "name": "John",
      "disease": "Cold",
      "date": "8,Nov 2023",
      "report": "This is the paragraph about the disease.",
      "medicines": "This is the paragraph about the medicines.",
      "check_up_date": "2024-03-18"
    },
    {
      "id": "6265",
      "name": "Rajesh",
      "disease": "jjkjk",
      "date": "18 Mar, 2024",
      "report": "ngjj hjygu",
      "medicines": "hmjhjhgj hjmyh",
      "check_up_date": "2024-03-21"
    }
  ]
}